zip_code,branch_name,city,longitude,address,state,latitude,county,bank_name,ID
38834,CORINTH MAIN BRANCH,Corinth,-88.5204549870715,501 N Fillmore St,Mississippi,34.93511212334633,Alcorn,Trustmark Bank,10543
36024,ECLECTIC BRANCH,Eclectic,-86.03562303168495,15 Kowaliga Rd,Alabama,32.63617701485575,Elmore,Trustmark Bank,1140
36037,GREENVILLE MAIN BRANCH,Greenville,-86.620836028187,300 E Commerce St,Alabama,31.829298009085136,Butler,Trustmark Bank,11456
36078,TALLASSEE MAIN BRANCH,Tallassee,-85.89377700625629,304 Barnett Blvd,Alabama,32.536431989882345,Elmore,Trustmark Bank,1155
36067,PRATTVILLE MAIN OFFICE,Prattville,-86.47087598520838,148 E Main St,Alabama,32.45914401135367,Autauga,Trustmark Bank,11936
38843,FULTON BRANCH,Fulton,-88.40911829642543,102 S Cummings St,Mississippi,34.273586625890715,Itawamba,Trustmark Bank,15200
77024,HOUSTON ADMINISTRATIVE BRANCH,Houston,-95.5552030147776,10497 Town And Country Way,Texas,29.781009983169383,Harris,Trustmark Bank,15482
36426,NORTHSIDE BRANCH,Brewton,-87.06902804182332,1201 Douglas Ave,Alabama,31.126002017932947,Escambia,Trustmark Bank,180963
36732,THE COMMERICAL BANK OF DEMOPOLIS/BRANCH,Demopolis,-87.83912998057862,201 N Main Ave,Alabama,32.51760401414596,Marengo,Trustmark Bank,1822
35042,CENTREVILLE BRANCH,Centreville,-87.144344,125 Hazel Avenue,Alabama,32.946171,Bibb,Trustmark Bank,186286
36801,OPELIKA BRANCH,Opelika,-85.400151,Thomason Drive,Alabama,32.691071,Lee,Trustmark Bank,186290
36732,HIGHWAY 80 BRANCH,Demopolis,-87.81769502340708,1400 Us Highway 80 E,Alabama,32.50259898253837,Marengo,Trustmark Bank,194313
39638,GLOSTER BRANCH,Gloster,-91.01955748419158,162 E Main St,Mississippi,31.19744732121556,Amite,Trustmark Bank,206230
38701,DRIVE-IN BRANCH OFFICE,Greenville,-91.05976001874532,605 Main St,Mississippi,33.40848800419293,Washington,Trustmark Bank,206232
39213,JACKSON MALL BRANCH,Jackson,-90.19316996922399,302 W Woodrow Wilson Ave,Mississippi,32.32716801219023,Hinds,Trustmark Bank,206236
39211,HIGHLAND VILLAGE BRANCH,Jackson,-90.14669890838687,1351 E Northside Dr,Mississippi,32.35571270379237,Hinds,Trustmark Bank,206238
39209,WESTLAND BRANCH,Jackson,-90.22798745991804,2516 Robinson St,Mississippi,32.30545111343619,Hinds,Trustmark Bank,206241
38756,LELAND BRANCH,Leland,-90.8985549821046,201 N Broad St,Mississippi,33.404760990945974,Washington,Trustmark Bank,206242
39645,LIBERTY BRANCH,Liberty,-90.80857537738441,140 E Main St,Mississippi,31.158102609013195,Amite,Trustmark Bank,206243
39648,MCCOMB BRANCH,Mccomb,-90.4542049814268,133 N Broadway St,Mississippi,31.244819979763037,Pike,Trustmark Bank,206244
39667,TYLERTOWN BRANCH,Tylertown,-90.13903881118169,748 Beulah Ave,Mississippi,31.115788408271406,Walthall,Trustmark Bank,206246
39201,SOUTH STATE STREET BRANCH,Jackson,-90.180887966501,504 S State St,Mississippi,32.294667014989386,Hinds,Trustmark Bank,206248
39667,TYLERTOWN DRIVE-IN BRANCH,Tylertown,-90.1344635268988,121 Beulah Ave,Mississippi,31.115442024138762,Walthall,Trustmark Bank,206249
38930,GREENWOOD MAIN BRANCH,Greenwood,-90.18279602293987,212 Howard St,Mississippi,33.520076993629374,Leflore,Trustmark Bank,206251
39056,CLINTON BRANCH,Clinton,-90.31393740670899,203 Clinton Blvd,Mississippi,32.33494724120764,Hinds,Trustmark Bank,206254
38930,PARK AVENUE BRANCH,Greenwood,-90.20484598861823,938 Highway 82 W,Mississippi,33.524983995862065,Leflore,Trustmark Bank,206260
39209,HIGHWAY 18 BRANCH,Jackson,-90.27074096271338,4801 Highway 18 W,Mississippi,32.29031898653615,Hinds,Trustmark Bank,206263
39648,DELAWARE BRANCH,Mccomb,-90.4675690040307,1215 Delaware Ave,Mississippi,31.24721800035202,Pike,Trustmark Bank,206264
39232,CASTLEWOOD BRANCH,Flowood,-90.01315996517108,5627 Highway 25,Mississippi,32.356862999665026,Rankin,Trustmark Bank,206268
39272,BYRAM BRANCH,Jackson,-90.26734402881345,7270 S Siwell Rd,Mississippi,32.19049001680244,Hinds,Trustmark Bank,206272
39402,TURTLE CREEK BRANCH,Hattiesburg,-89.36393797833657,104 Mayfair Rd,Mississippi,31.32203499382456,Lamar,Trustmark Bank,206275
39201,MORTGAGE LOAN SER.-JACKSON BRANCH,Jackson,-90.18478798222951,277 E Pearl St,Mississippi,32.298421981883436,Hinds,Trustmark Bank,206284
38801,MORTGAGE LOAN SERVICES-TUPELO BRANCH,Tupelo,-88.74659396183984,301 S Thomas St,Mississippi,34.25104998715736,Lee,Trustmark Bank,206285
39213,MEDGAR EVERS BOULEVARD BRANCH,Jackson,-90.23237271383903,4890 Medgar Evers Blvd,Mississippi,32.356542685927714,Hinds,Trustmark Bank,206287
39440,SAWMILL BRANCH,Laurel,-89.13888496772334,1005 Sawmill Rd,Mississippi,31.694112998290976,Jones,Trustmark Bank,206306
39305,NORTH BRANCH,Meridian,-88.70045515764735,4921 Poplar Springs Dr,Mississippi,32.41055152146435,Lauderdale,Trustmark Bank,206310
39301,EAST BRANCH,Meridian,-88.6799,2001 Highway 45 North,Mississippi,32.37946,Lauderdale,Trustmark Bank,206313
39180,BATTLEFIELD BRANCH,Vicksburg,-90.86553598328751,2205 N Frontage Rd,Mississippi,32.3250369971269,Warren,Trustmark Bank,206341
39702,GATEWAY CENTER BRANCH,Columbus,-88.38381102699033,207 Alabama St,Mississippi,33.49635901558044,Lowndes,Trustmark Bank,208341
39705,LEIGH MALL BRANCH,Columbus,-88.43143297751966,1404 Old Aberdeen Rd,Mississippi,33.51152497972899,Lowndes,Trustmark Bank,208344
38801,WEST MAIN BRANCH,Tupelo,-88.74298523854776,2402 W Main St,Mississippi,34.25581809639774,Lee,Trustmark Bank,208347
38804,BARNES CROSSING BRANCH,Tupelo,-88.70766999605469,3907 N Gloster St,Mississippi,34.30786600537033,Lee,Trustmark Bank,208350
39208,PEARL BRANCH,Pearl,-90.131208007285,2409 Highway 80 E,Mississippi,32.279544008094604,Rankin,Trustmark Bank,218693
39145,PELAHATCHIE BRANCH,Pelahatchie,-89.798832018766,102 N Brooks Ave,Mississippi,32.31358698211312,Rankin,Trustmark Bank,218694
39218,RICHLAND BRANCH,Richland,-90.156419011837,1001 Old Highway 49 S,Mississippi,32.22058901201,Rankin,Trustmark Bank,218697
39232,RIVER OAKS BRANCH,Flowood,-90.1077950047831,3105 Lakeland Dr,Mississippi,32.330858983253535,Rankin,Trustmark Bank,218698
39073,FLORENCE BRANCH,Florence,-90.12607601942777,3081 Highway 49 S,Mississippi,32.15517701681479,Rankin,Trustmark Bank,218699
39601,LINCOLN PLAZA BRANCH,Brookhaven,-90.45679701396456,200 Highway 51 N,Mississippi,31.58302196180494,Lincoln,Trustmark Bank,218722
39601,HIGHLAND SQUARE BRANCH,Brookhaven,-90.46125097687414,776 Brookway Blvd,Mississippi,31.579836016325203,Lincoln,Trustmark Bank,218723
39465,PETAL BRANCH,Petal,-89.26269498153715,117 S Main St,Mississippi,31.345452019639993,Forrest,Trustmark Bank,219089
39401,UNIVERSITY BRANCH,Hattiesburg,-89.33782197969865,3112 Hardy St,Mississippi,31.324513019679358,Forrest,Trustmark Bank,219090
39401,BROADWAY DRIVE BRANCH,Hattiesburg,-89.31463302546862,951 Broadway Dr,Mississippi,31.30989099913738,Forrest,Trustmark Bank,219092
39083,NORTHSIDE BRANCH,Hazlehurst,-90.397972270137,654 Caldwell Dr,Mississippi,31.87287352785835,Copiah,Trustmark Bank,219095
38028,HICKORY WITHE BRANCH,Eads,-89.58613804056596,3335 Highway 64,Tennessee,35.22566701063219,Fayette,Trustmark Bank,219608
38066,ROSSVILLE BRANCH,Rossville,-89.54342696328807,5725 Highway 57,Tennessee,35.04212897971371,Fayette,Trustmark Bank,219609
38002,ARLINGTON BRANCH,Arlington,-89.66534199643198,11915 Highway 70,Tennessee,35.297181995258285,Shelby,Trustmark Bank,219618
38017,COLLIERVILLE BRANCH,Collierville,-89.7010870416188,305 Poplar View Pkwy,Tennessee,35.047861991938134,Shelby,Trustmark Bank,219619
38053,MILLINGTON BRANCH,Millington,-89.90641802079344,7980 Us Highway 51 N,Tennessee,35.34391898445037,Shelby,Trustmark Bank,219622
38134,BARTLETT BRANCH,Bartlett,-89.83706104095889,6767 Summer Ave,Tennessee,35.202270017565354,Shelby,Trustmark Bank,219624
38002,LAKELAND BRANCH,Lakeland,-89.73833596787338,3714 Canada Rd,Tennessee,35.22769199462034,Shelby,Trustmark Bank,219625
36027,SOUTH EUFAULA AVENUE BRANCH,Eufaula,-85.149429,South Eufaula Avenue & Hunters Inlet Road,Alabama,31.877907,Barbour,Trustmark Bank,220689
36106,MONTGOMERY BRANCH,Montgomery,-86.22935999474925,4290 Carmichael Rd,Alabama,32.35908998751971,Montgomery,Trustmark Bank,220691
39110,MADISON BRANCH,Madison,-90.11243598075231,1015 Highway 51,Mississippi,32.461053995630266,Madison,Trustmark Bank,221128
39157,RIDGELAND BRANCH,Ridgeland,-90.13722302864177,318 Highway 51,Mississippi,32.41596199684588,Madison,Trustmark Bank,221129
39423,BEAUMONT BRANCH,Beaumont,-88.91967999999997,935 Lodge St,Mississippi,31.168225000000064,Perry,Trustmark Bank,224614
39153,Y BRANCH,Raleigh,-89.52358067589512,101 Main St,Mississippi,32.03115451782536,Smith,Trustmark Bank,224621
38637,HORN LAKE BRANCH,Horn Lake,-90.03370702733925,2475 Goodman Rd W,Mississippi,34.96225401058898,Desoto,Trustmark Bank,227843
38632,I-55 DRIVE-IN BRANCH,Hernando,-89.98014398383914,534 E Commerce St,Mississippi,34.82433599644543,Desoto,Trustmark Bank,227844
38654,OLIVE BRANCH BRANCH,Olive Branch,-89.8298510116664,9039 Pigeon Roost Rd,Mississippi,34.96294799026239,Desoto,Trustmark Bank,227847
39051,DRIVE-IN BRANCH,Carthage,-89.53404844518818,106 Highway 16 W,Mississippi,32.73311847408255,Leake,Trustmark Bank,231249
32404,CALLAWAY-PARKER BRANCH,Parker,-85.59210996403922,114 S Tyndall Pkwy,Florida,30.145200993933344,Bay,Trustmark Bank,233322
32413,Y SHOPPING CENTER BRANCH,Panama City Beach,-85.89260798222041,17255 Panama City Beach Pkwy,Florida,30.230930009964354,Bay,Trustmark Bank,233325
38834,HIGHWAY 72 BRANCH,Corinth,-88.523385,101 Highway 72,Mississippi,34.925137,Alcorn,Trustmark Bank,237949
36033,GEORGIANA BRANCH,Georgiana,-86.730992,412 Highway 106 West,Alabama,31.640894,Butler,Trustmark Bank,241776
36037,BULTER SQUARE BRANCH,Greenville,-86.63727220067288,122 Greenville Byp,Alabama,31.848932207154167,Butler,Trustmark Bank,241777
39429,BROAD STREET BRANCH,Columbia,-89.824616762859,722 Broad St,Mississippi,31.250702687387808,Marion,Trustmark Bank,250908
38804,FAIRPARK CROSSING BRANCH,Tupelo,-88.70248997989226,110 E Main St,Mississippi,34.25720398046877,Lee,Trustmark Bank,253737
36606,DAUPHIN/65 BRANCH,Mobile,-88.12211702955986,3254 Dauphin St,Alabama,30.68966100955832,Mobile,Trustmark Bank,259747
36695,HILLCREST FINANCIAL CENTER,Mobile,-88.191208973616,850 Hillcrest Rd,Alabama,30.673205992520423,Mobile,Trustmark Bank,259748
36608,SPRINGHILL BRANCH,Mobile,-88.14388600557292,4425 Old Shell Rd,Alabama,30.696754991401335,Mobile,Trustmark Bank,259749
36535,FOLEY BRANCH,Foley,-87.68260196209076,699 S Mckenzie St,Alabama,30.399822006188245,Baldwin,Trustmark Bank,259754
32439,FREEPORT BRANCH,Freeport,-86.12252601707472,16234 Us Highway 331 S,Florida,30.49007800430529,Walton,Trustmark Bank,260578
32444,LYNN HAVEN BRANCH,Lynn Haven,-85.649156,2315 State Highway 77,Florida,30.223965,Bay,Trustmark Bank,260580
39051,OPERATIONS CENTER BRANCH,Carthage,-89.53379498307304,101 W Water St,Mississippi,32.735516020439334,Leake,Trustmark Bank,272403
39056,PINEHAVEN BRANCH,Clinton,-90.32597502243053,1151 Pinehaven Rd,Mississippi,32.35123899409139,Hinds,Trustmark Bank,272704
77057,TANGLEWOOD BRANCH,Houston,-95.47909399284008,5799 San Felipe St,Texas,29.749432001146218,Harris,Trustmark Bank,287518
77445,HEMPSTEAD BRANCH,Hempstead,-96.081860035696,840 13th St,Texas,30.09683100045511,Waller,Trustmark Bank,289219
32459,SEAGROVE BEACH BRANCH,Santa Rosa Beach,-86.11036102572007,4003 E County Highway 30a,Florida,30.31211301698913,Walton,Trustmark Bank,290484
35611,DRIVE-UP BRANCH,Athens,-86.96926202018246,111 E Market St,Alabama,34.80339599065641,Limestone,Trustmark Bank,290837
39201,Trustmark Bank,Jackson,-90.184203009207,248 E Capitol St,Mississippi,32.30026101335,Hinds,Trustmark Bank,3327
39301,MERIDIAN MAIN BRANCH,Meridian,-88.70102398502688,700 23rd Ave,Mississippi,32.3643940139396,Lauderdale,Trustmark Bank,3330
39180,VICKSBURG MAIN BRANCH,Vicksburg,-90.88156695984377,1301 Washington St,Mississippi,32.349841018370284,Warren,Trustmark Bank,3333
36602,MOBILE BRANCH,Mobile,-88.04157096335737,107 Saint Francis St,Alabama,30.692796008984004,Mobile,Trustmark Bank,35328
36526,DAPHNE BRANCH,Daphne,-87.90425703297568,2507 Us Highway 98,Alabama,30.6149129991489,Baldwin,Trustmark Bank,358878
39201,UNIT #1 MOBILE BRANCH,Jackson,-90.184203009207,248 E Capitol St,Mississippi,32.30026101335,Hinds,Trustmark Bank,360526
38930,UNIT #11 MOBILE BRANCH,Greenwood,-90.18279602293987,212 Howard St,Mississippi,33.520076993629374,Leflore,Trustmark Bank,360527
39401,UNIT #12 MOBILE BRANCH,Hattiesburg,-89.2919680240061,300 W Pine St,Mississippi,31.325183991028553,Forrest,Trustmark Bank,360528
39083,UNIT #13 MOBILE BRANCH,Hazlehurst,-90.39602401219123,105 Caldwell Dr,Mississippi,31.860272996993857,Copiah,Trustmark Bank,360529
38632,UNIT #14 MOBILE BRANCH,Hernando,-89.99381897505084,2510 Highway 51 S,Mississippi,34.82336801235721,Desoto,Trustmark Bank,360530
38801,UNIT #15 MOBILE BRANCH,Tupelo,-88.74298523854776,2402 W Main St,Mississippi,34.25581809639774,Lee,Trustmark Bank,360531
39180,UNIT #16 MOBILE BRANCH,Vicksburg,-90.88156695984377,1301 Washington St,Mississippi,32.349841018370284,Warren,Trustmark Bank,360532
39157,LAKE HARBOUR BRANCH,Ridgeland,-90.11128497780827,752 Lake Harbour Dr,Mississippi,32.4145669967004,Madison,Trustmark Bank,362996
77040,HIGHWAY 290 BRANCH,Houston,-95.537853983947,14604 Northwest Fwy,Texas,29.866548017536545,Harris,Trustmark Bank,363098
39110,HWY 463 BRANCH,Madison,-90.1504633584171,229 New Mannsdale Rd,Mississippi,32.474360905396374,Madison,Trustmark Bank,363715
32459,BANKTRUST FLORIDA BRANCH,Santa Rosa Beach,-86.160774,Mack Bayou Road And U.S. Highway 98,Florida,30.356801,Walton,Trustmark Bank,36396
36117,MONTGOMERY TAYLOR ROAD BRANCH,Montgomery,-86.17061098393548,951 Taylor Rd,Alabama,32.36842197942008,Montgomery,Trustmark Bank,364078
36830,AUBURN BRANCH,Auburn,-85.46491500244704,415 N Dean Rd,Alabama,32.612935003178634,Lee,Trustmark Bank,364608
32405,PANAMA CITY JENKS BRANCH,Panama City,-85.66221301707542,220 W 19th St,Florida,30.182858998972392,Bay,Trustmark Bank,364959
32459,GULF PLACE BRANCH,Santa Rosa Beach,-86.2302420224204,1884 S County Highway 393,Florida,30.348417009389223,Walton,Trustmark Bank,364960
35115,MONTEVALLO BRANCH,Montevallo,-86.86176302230999,835 Main St,Alabama,33.101538016042454,Shelby,Trustmark Bank,3817
39701,COLUMBUS MAIN BRANCH,Columbus,-88.42584995945256,624 Main St,Mississippi,33.49514301097726,Lowndes,Trustmark Bank,4022
39191,WESSON BRANCH,Wesson,-90.396454,516 Spring Street,Mississippi,31.700435,Copiah,Trustmark Bank,4027
36426,BANKTRUST OF BREWTON/BRANCH,Brewton,-87.07205902183058,227 Belleville Ave,Alabama,31.10584002039667,Escambia,Trustmark Bank,41
36066,PRATTVILLE BRANCH,Prattville,-86.41641700007786,1916 Cobbs Ford Rd,Alabama,32.45978799297464,Autauga,Trustmark Bank,418434
32459,MESSENGER SERVICE BRANCH,Santa Rosa Beach,-86.04960722449363,7700 Us Highway 98 W,Florida,30.324710239296532,Walton,Trustmark Bank,418459
32578,NICEVILLE BRANCH,Niceville,-86.47860301028872,799 John Sims Pkwy E,Florida,30.51853100327706,Okaloosa,Trustmark Bank,425164
35802,JONES VALLEY BRANCH,Huntsville,-86.53777597776511,2021 Cecil Ashburn Dr Se,Alabama,34.6723590161057,Madison,Trustmark Bank,425200
38655,COURTHOUSE SQUARE BRANCH,Oxford,-89.51896203193765,106 Courthouse Sq,Mississippi,34.36708000226275,Lafayette,Trustmark Bank,425202
77505,PASADENA BRANCH,Pasadena,-95.16149597017164,4660 E Sam Houston Pkwy S,Texas,29.64025000093517,Harris,Trustmark Bank,429721
36571,SARALAND BRANCH,Saraland,-88.07214766485082,1025 Highway 43 S,Alabama,30.798383550151826,Mobile,Trustmark Bank,430456
39208,THE DAY CENTER BRANCH,Pearl,-90.08412300147309,201 Country Place Pkwy,Mississippi,32.2708090172479,Rankin,Trustmark Bank,433499
35613,HWY 72 E BRANCH,Athens,-86.92657801645183,22236 Us Highway 72,Alabama,34.78005301895554,Limestone,Trustmark Bank,441440
39208,AIRPARK BRANCH,Pearl,-90.06622403397515,4295 Highway 80 E,Mississippi,32.28281399807092,Rankin,Trustmark Bank,453907
39232,DOGWOOD BRANCH,Flowood,-90.07057700775125,101 Laurel Park Cv,Mississippi,32.3380320064435,Rankin,Trustmark Bank,453908
38116,WHITEHAVEN BRANCH,Memphis,-90.02478901763669,4572 Elvis Presley Blvd,Tennessee,35.02356298036108,Shelby,Trustmark Bank,453909
38138,GERMANTOWN BRANCH,Germantown,-89.80316495979352,1405 S Germantown Rd,Tennessee,35.111058985400504,Shelby,Trustmark Bank,45817
77099,SOUTHWEST FREEWAY (WILCREST)BRANCH,Houston,-95.569061988764,11709 S Wilcrest Dr,Texas,29.65242500866411,Harris,Trustmark Bank,459385
77478,SUGAR LAND BRANCH,Sugar Land,-95.62490499374685,1845 Highway 6,Texas,29.599899980053266,Fort Bend,Trustmark Bank,462652
38016,HOUSTON LEVEE BRANCH,Cordova,-89.72821901074062,1283 N Houston Levee Rd,Tennessee,35.16061099486454,Shelby,Trustmark Bank,464098
39503,HWY 49 BRANCH,Gulfport,-89.10133798099186,15465 Oak Ln,Mississippi,30.456608017187847,Harrison,Trustmark Bank,466051
32435,DEFUNIAK SPRINGS BRANCH,Defuniak Springs,-86.122665,993 Us Highway 31 South,Florida,30.707413,Walton,Trustmark Bank,466784
39402,OAK GROVE BRANCH,Hattiesburg,-89.40707703559058,6401 U S Highway 98,Mississippi,31.318657003025834,Lamar,Trustmark Bank,467979
39157,COLONY PARK BRANCH,Ridgeland,-90.14844103257565,1029 Highland Colony Pkwy,Mississippi,32.43925899380784,Madison,Trustmark Bank,468003
36619,TILLMAN'S CORNER BRANCH,Mobile,-88.168173,5328 Highway 90 West Service Road,Alabama,30.59731,Mobile,Trustmark Bank,470753
36532,FAIRHOPE BRANCH,Fairhope,-87.886088,236 North Greeno Road,Alabama,30.527966,Baldwin,Trustmark Bank,470754
77070,LOUETTA BRANCH,Houston,-95.57100600356749,10711 Louetta Rd,Texas,29.996386002747528,Harris,Trustmark Bank,473128
38119,POPLAR-RIDGEWAY BRANCH,Memphis,-89.85769896295746,6165 Poplar Ave,Tennessee,35.10122600714733,Shelby,Trustmark Bank,476033
35756,MADISON BRANCH,Madison,-86.78691698554294,12050 County Line Rd,Alabama,34.72967698459033,Limestone,Trustmark Bank,476061
77494,FRY ROAD BRANCH,Katy,-95.77738597792451,7100 S Fry Rd,Texas,29.7162539976259,Fort Bend,Trustmark Bank,476981
32408,THOMAS DRIVE BRANCH,Panama City Beach,-85.75394800200776,2305 Thomas Dr,Florida,30.161823984310885,Bay,Trustmark Bank,478285
39532,CEDAR LAKE BRANCH,Biloxi,-88.9333710116024,1695 Popps Ferry Rd,Mississippi,30.442156987470653,Harrison,Trustmark Bank,480108
39350,CHOCTAW TOWN CENTER BRANCH,Choctaw,-89.19143982458489,110 Choctaw Town Ctr,Mississippi,32.77162579619097,Neshoba,Trustmark Bank,518519
39429,COLUMBIA BRANCH,Columbia,-89.83528752799172,709 Main St,Mississippi,31.251406708578447,Marion,Trustmark Bank,5248
39759,STARKVILLE BRANCH,Starkville,-88.81771226921794,128 Highway 12 W,Mississippi,33.45413838346789,Oktibbeha,Trustmark Bank,527030
38134,ROBINWOOD BRANCH,Bartlett,-89.84126599032491,2795 Kirby Whitten Rd,Tennessee,35.20181198846633,Shelby,Trustmark Bank,536810
77024,BUNKER HILL BRANCH,Houston,-95.53273599386809,945 Bunker Hill Rd,Texas,29.78206199583694,Harris,Trustmark Bank,538505
36701,THE PEOPLES BANK & TRUST COMPANY BRANCH,Selma,-87.0214360146883,310 Broad St,Alabama,32.41128200311739,Dallas,Trustmark Bank,545
39601,BROOKHAVEN MAIN BRANCH,Brookhaven,-90.44358603211286,148 S Whitworth Ave,Mississippi,31.578742010322742,Lincoln,Trustmark Bank,5461
36104,MONTGOMERY MAIN BRANCH,Montgomery,-86.30304396446004,401 Adams Ave,Alabama,32.375648982066494,Montgomery,Trustmark Bank,556585
35244,RIVERCHASE CORPORATE CENTER BRANCH,Birmingham,-86.80166100468564,1 Chase Corporate Dr,Alabama,33.3715479929799,Jefferson,Trustmark Bank,559995
39111,MAGEE MAIN BRANCH,Magee,-89.7327289775632,103 Pinola Dr Sw,Mississippi,31.86569600452934,Simpson,Trustmark Bank,5665
39401,HATTIESBURG MAIN BRANCH,Hattiesburg,-89.29145999999997,1 Trustmark Plz,Mississippi,31.33391000000006,Forrest,Trustmark Bank,5668
39083,HAZLEHURST BRANCH,Hazlehurst,-90.39602401219123,105 Caldwell Dr,Mississippi,31.860272996993857,Copiah,Trustmark Bank,5669
36527,MALBIS BRANCH,Spanish Fort,-87.85284000814559,30723 State Highway 181,Alabama,30.67072700274676,Baldwin,Trustmark Bank,567661
32407,PANAMA CITY BEACH BRANCH,Panama City Beach,-85.7670919996533,7522 Front Beach Rd,Florida,30.187819996004833,Bay,Trustmark Bank,56987
39501,GULFPORT BRANCH,Gulfport,-89.09125203690084,2320 14th St,Mississippi,30.36840898001958,Harrison,Trustmark Bank,570497
35401,TUSCALOOSA MAIN BRANCH,Tuscaloosa,-87.56814296709753,2330 University Blvd,Alabama,33.210267980215264,Tuscaloosa,Trustmark Bank,576879
35801,JEFFERSON BRANCH,Huntsville,-86.58685998366533,118 Jefferson St S,Alabama,34.73028002061429,Madison,Trustmark Bank,578626
38068,SOMERVILLE MAIN BRANCH,Somerville,-89.34972162775017,16790 Us 64,Tennessee,35.24356317150426,Fayette,Trustmark Bank,5872
32401,PANAMA CITY MAIN BRANCH,Panama City,-85.66136803741631,144 Harrison Ave,Florida,30.154001992267553,Bay,Trustmark Bank,590043
32502,PENSACOLA MAIN BRANCH,Pensacola,-87.21606296823177,19 W Garden St,Florida,30.412443014985158,Escambia,Trustmark Bank,602983
38119,MEMPHIS MAIN OFFICE,Memphis,-89.8831060202248,5350 Poplar Ave,Tennessee,35.10775701846357,Shelby,Trustmark Bank,606436
35209,HOMEWOOD BRANCH,Birmingham,-86.79110500346455,1808 29th Ave S,Alabama,33.47992901852351,Jefferson,Trustmark Bank,607719
36460,THE MONROE COUNTY BANK/BRANCH,Monroeville,-87.32472101567532,60 Hines St,Alabama,31.524771983513972,Monroe,Trustmark Bank,6139
36027,BANKTRUST OF ALABAMA BRANCH,Eufaula,-85.14325100236724,218 E Broad St,Alabama,31.8934359969075,Barbour,Trustmark Bank,6141
39216,FONDREN BRANCH,Jackson,-90.1739729802003,3221 Old Canton Rd,Mississippi,32.33614599440999,Hinds,Trustmark Bank,614232
38672,SOUTHAVEN BRANCH,Southaven,-89.9399619782064,2853 Goodman Rd E,Mississippi,34.96186601229098,Desoto,Trustmark Bank,615255
32541,WEST DESTIN MAIN BRANCH,Destin,-86.44810403066133,16045 Emerald Coast Pkwy,Florida,30.388182979257863,Okaloosa,Trustmark Bank,61727
39046,CANTON BRANCH,Canton,-90.03540997860739,3319 S Liberty St,Mississippi,32.61171199968631,Madison,Trustmark Bank,6263
39042,BRANDON MAIN BRANCH,Brandon,-90.01308301929994,1363 W Government St,Mississippi,32.28299701692676,Rankin,Trustmark Bank,632018
38111,MEMPHIS POPLAR PLAZA BRANCH,Memphis,-89.94572596156306,107 S Highland St,Tennessee,35.12894097954451,Shelby,Trustmark Bank,632120
38701,GREENVILLE SOUTH BRANCH,Greenville,-91.04124598719238,1839 Highway 1 S,Mississippi,33.36713898618106,Washington,Trustmark Bank,635143
35203,BIRMINGHAM MAIN OFFICE BRANCH,Birmingham,-86.80848102402337,420 20th St N,Alabama,33.51760898414888,Jefferson,Trustmark Bank,635566
38655,WEST JACKSON BRANCH,Oxford,-89.56303298918671,2301 Jackson Ave W,Mississippi,34.362726986577144,Lafayette,Trustmark Bank,640556
39440,LAUREL MAIN OFFICE BRANCH,Laurel,-89.14794812151142,1209 Highway 15 N,Mississippi,31.70506274816421,Jones,Trustmark Bank,652703
77069,NEW CHAMPIONS BRANCH,Houston,-95.53198723593702,6915a-3 Fm 1960 Road W,Texas,29.969278087072908,Harris,Trustmark Bank,656847
77380,THE WOODLANDS BRANCH,The Woodlands,-95.46382602093,"1070 Evergreen Circle, Suite 100",Texas,30.167749989856,Montgomery,Trustmark Bank,659449
39110,GLUCKSTADT BRANCH,Madison,-90.10663,103 Trustmark Drive,Mississippi,32.45828,Madison,Trustmark Bank,661263
39168,TAYLORSVILLE BRANCH,Taylorsville,-89.436746,404 Highway 28 East,Mississippi,31.83064,Smith,Trustmark Bank,6785
39462,NEW AUGUSTA BRANCH,New Augusta,-89.04058,100 Main Street,Mississippi,31.15314,Perry,Trustmark Bank,7295
39051,HERITAGE BANKING GROUP BRANCH,Carthage,-89.53432698246759,114 S Pearl St,Mississippi,32.73608598985527,Leake,Trustmark Bank,8917
